{"#": {"a": 0.07243909179243517, "b": 0.044887395217676825, "c": 0.10165482526126865, "d": 0.12032769640835465, "e": 0.10362492608407546, "f": 0.03709910825451444, "g": 0.030279528483260085, "h": 0.01735649910409442, "i": 0.034799171547346304, "j": 0.007125643699986034, "k": 0.0014590037767694506, "l": 0.021029266248874547, "m": 0.04841158763977167, "n": 0.011556141930461087, "o": 0.015962868205306496, "p": 0.08045321233407918, "q": 0.003360760227141036, "r": 0.10647161777072543, "s": 0.06645450196267208, "t": 0.047460709414585876, "u": 0.0029447510036222516, "v": 0.02144527547239333, "w": 0.0005705269351114756, "x": 0.00018720415058345294, "y": 0.0002733774897409154, "z": 0.0023653095851496595}, "a": {"_": 0.03995696847818778, "̀": 0.00015281080188996399, "b": 0.02436109803729806, "i": 0.2040727134919713, "̂": 0.0641163562569911, "n": 0.10201343512570217, "s": 0.1659433622043875, "j": 0.002029327449098722, "t": 0.055785111337950256, "q": 0.005959621273708596, "g": 0.030620228482710985, "r": 0.07104785423071987, "l": 0.06253323634941106, "u": 0.02644849359111497, "y": 0.005864878576536818, "m": 0.026430156294888173, "c": 0.03515565308280512, "d": 0.015348316941827984, "p": 0.02827305456568114, "e": 0.0005012194301990819, "v": 0.015042695338048057, "f": 0.010782330181355859, "a": 9.16864811339784e-06, "h": 0.0015739512594666293, "k": 0.00038202700472491, "z": 0.002234093923631274, "x": 0.002050720961363317, "o": 0.0008771340028483933, "-": 0.00023838485094834384, "w": 0.00019254161038135463, "̈": 3.05621603779928e-06}, "̀": {"_": 0.0018573551263001485, "r": 0.7265044576523031, "s": 0.024052748885586926, "n": 0.054049034175334326, "g": 0.013558692421991085, "m": 0.023402674591381872, "p": 0.0020430906389301636, "d": 0.009193907875185736, "t": 0.057763744427934624, "v": 0.02609583952451709, "l": 0.03463967310549777, "-": 0.003064635958395245, "b": 0.003064635958395245, "c": 0.011515601783060922, "q": 0.007615156017830609, "j": 0.0002786032689450223, "z": 0.0009286775631500742, "f": 0.0003714710252600297}, "b": {"a": 0.19646006416930498, "l": 0.1259163249261628, "b": 0.00212481142298621, "e": 0.10360580498480759, "c": 0.0001912330280687589, "d": 0.0034846907336973845, "h": 0.0008286764549646218, "i": 0.13592418672842785, "j": 0.006013216327050974, "n": 0.0009561651403437945, "o": 0.19482395937360558, "r": 0.15020291949089518, "s": 0.016658521556211885, "u": 0.051165459065507936, "y": 0.0018698340522278647, "_": 0.0004887066272868283, "m": 0.0009986613688035186, "k": 0.0001274886853791726, "t": 0.003867156789834902, "v": 0.00424962284597242, "f": 4.24962284597242e-05}, "i": {"s": 0.18405353238001984, "_": 0.04170720491026319, "e": 0.16679753610901685, "t": 0.08635506183190107, "o": 0.09817398023506446, "r": 0.04000850912071376, "̂": 0.009951291540620102, "x": 0.001176260804549877, "a": 0.02872766746856787, "l": 0.06854847539706622, "c": 0.027667155732550828, "q": 0.01979934742552173, "n": 0.0951582477468036, "f": 0.02677557506952765, "v": 0.016189227828578758, "g": 0.02448874887770329, "-": 0.0008446553649693265, "d": 0.01470013170366987, "b": 0.008850111212956388, "m": 0.023728559049230893, "i": 0.0018644985093396985, "u": 0.0009916879655380612, "̈": 0.003059529433111116, "p": 0.009284952308255412, "k": 0.0001532893069759148, "z": 0.0005474618106282672, "h": 0.0001877011922154059, "j": 0.0001970862518261762, "w": 1.2513412814360392e-05}, "s": {"s": 0.15428188591030512, "a": 0.07461347579928633, "_": 0.39319222839791934, "e": 0.1559352347324019, "i": 0.07520580598598535, "o": 0.032169854994119826, "m": 0.006391990315688986, "t": 0.04276278901256258, "-": 0.0037351306433108383, "c": 0.014854260895568738, "u": 0.023284902193634462, "p": 0.010178877965604594, "y": 0.003332576147495967, "b": 0.000612457911489768, "k": 0.0003220435966518968, "q": 0.0033383269260076082, "h": 0.0025159655988429433, "f": 0.0008884952800485365, "l": 0.0010351401320953823, "g": 0.00028753892558205067, "j": 0.00024440808674474306, "r": 2.8753892558205067e-05, "w": 0.0001667725768375894, "d": 3.450467106984608e-05, "n": 0.0003076666503727942, "v": 0.00027891275781458916}, "l": {"e": 0.24292199083285435, "a": 0.20487538871939986, "_": 0.009653505475232495, "l": 0.15870805146571162, "i": 0.184912528923671, "o": 0.09837732678958305, "u": 0.03649909360215767, "v": 0.0028076225847813593, "m": 0.004664632798337533, "s": 0.009491385535953781, "t": 0.014089696540950023, "y": 0.007678589851291801, "b": 0.0016064612164890717, "c": 0.006447952130403384, "d": 0.0013853885720180985, "f": 0.00392772398343429, "g": 0.003124493375189754, "k": 0.0006190034045187249, "p": 0.005482601582880134, "n": 0.0001915962918748434, "-": 0.0002873944378122651, "z": 0.00010316723408645414, "h": 0.0004937289059851734, "q": 0.0016138303046381041, "w": 3.684544074516219e-05}, "e": {"_": 0.08281743738244624, "s": 0.12864329792072582, "n": 0.1325976726588056, "z": 0.06579436059687026, "́": 0.23686327317360917, "-": 0.0036683727479825934, "m": 0.026757075073536276, "r": 0.17878302180963787, "̀": 0.021285300887996458, "u": 0.021223731015128314, "v": 0.005483690935127202, "i": 0.005982208292866038, "̂": 0.004534323217999059, "c": 0.014208737758022455, "t": 0.016689407797129255, "a": 0.00824043233967503, "o": 0.0015888999449843394, "l": 0.0176844563876757, "p": 0.005227480818998476, "x": 0.009825360034796908, "f": 0.003825276617549797, "g": 0.0017636789389326168, "q": 0.00038133598679624146, "̈": 4.965312328076061e-05, "d": 0.0021787790495597756, "y": 0.00044489198459561505, "b": 0.0026038097848430863, "h": 0.0001231397457362863, "j": 0.0004687254837703801, "e": 0.0001390287451861297, "w": 0.00010526462135521248, "k": 1.7875124381073818e-05}, "n": {"t": 0.2962852090892037, "s": 0.1775731522836764, "g": 0.028817868675136405, "d": 0.04125505410335317, "_": 0.01722286749767501, "n": 0.07183312777651384, "a": 0.07868635222460375, "e": 0.1036365595775508, "i": 0.055875532352248555, "o": 0.02657869633071099, "c": 0.05161671436383158, "u": 0.008369954378360255, "m": 0.00015167299302703372, "y": 0.0004510275845277582, "q": 0.004035299893429765, "f": 0.014704297534515584, "h": 0.0014209364609901053, "k": 0.0003871652716742703, "j": 0.0030893393842874764, "x": 5.987091830014489e-05, "r": 0.003743928091035727, "-": 0.0009659174819090042, "v": 0.009930589648717365, "l": 0.002199258398891989, "z": 0.0008421842507553714, "b": 5.987091830014489e-05, "p": 0.00020755251677383562}, "t": {"_": 0.30520829301647506, "e": 0.20648682122537446, "s": 0.01809635621610696, "a": 0.11369999096902375, "-": 0.0015008622432084908, "t": 0.03455853577771757, "i": 0.13389497404669445, "o": 0.047464230883358494, "r": 0.09392215298473765, "u": 0.02766059010979087, "h": 0.011705865404050178, "y": 0.00348337655300538, "l": 0.0001634176654496351, "m": 0.0001333144112878602, "n": 8.60092976050711e-05, "v": 4.300464880253555e-06, "z": 0.0001333144112878602, "c": 0.0011482241230276993, "b": 4.730511368278911e-05, "g": 2.5802789281521334e-05, "p": 0.00018491998985090287, "d": 0.00018491998985090287, "f": 8.60092976050711e-06, "w": 0.00019782138449166354}, "̂": {"m": 0.24324135765863186, "t": 0.6128649666864339, "n": 0.03763909721979977, "c": 0.04063906233648446, "g": 0.0005232497296543063, "v": 0.003104615062615551, "_": 0.00038371646841315796, "p": 0.00659294659364426, "q": 0.0002790665224822967, "b": 0.0036976314228904317, "f": 0.0014999825583423448, "i": 0.005790630341507657, "l": 0.03669724770642202, "s": 0.0021976488645480867, "r": 0.0020929989186172252, "k": 3.488331531028709e-05, "h": 6.976663062057417e-05, "d": 0.0026511319635818186}, "m": {"e": 0.3164898253280184, "i": 0.11335665392169396, "a": 0.18955919439376154, "o": 0.10419886806047858, "m": 0.04660243820237777, "p": 0.10366427650005229, "u": 0.03711924878264204, "_": 0.0036724115890153057, "s": 0.004172138482457261, "y": 0.004032679814519971, "b": 0.07139121642823108, "h": 4.648622264576336e-05, "n": 0.0049391611561123575, "d": 4.648622264576336e-05, "t": 0.00020918800190593512,